Data,PIB - preços de mercado - variação real anual - (% a.a.) - Instituto Brasileiro de Geografia e Estatística- Sistema de Contas Nacionais (IBGE/SCN Anual) - SCN10_PIBG10,
2018,1.78366676136999,
2019,1.22077782271946,
2020,-3.27675879612907,
2021,4.7626043797063,
2022,3.01669397796888,
2023,3.24165532813583,
2024,3.39586645564331,
