ID,Data,PIB_VARIACAO,VALOR_PIB_REAIS,VALOR_PIB_DOLAR,TAXA_CAMBIO_PIB,PIB_PER_CAPITA_REAL,POPULACAO_ESTIMADA
,2018,1.78366676136999,7.000.000.000.000,1.914.116.784.108,3.6558,33.450,209.500.000
,2019,1.22077782271946,7.391.296.000.000,1.873.533.661.784,3.9461,35.015,211.000.000
,2020,-3.27675879612907,7.608.861.000.000,1.475.674.862.363,5.1574,35.755,212.700.000
,2021,4.7626043797063,8.999.268.000.000,1.667.938.111.928,5.3954,41.242,213.700.000
,2022,3.01669397796888,10.191.502.000.000,1.977.331.247.584,5.1582,46.188,214.700.000
,2023,3.24165532813583,10.924.386.000.000,2.185.793.498.071,4.9986,50.530,215.500.000

